Arquivo,MIME_type
f9bcd4ad0f10bc0666cbe61eda7666168b98f7ed2667ddc7e75f7f8e6a8d9c49,application/vnd.microsoft.portable-executable
fa1ca2b2b698ec305df2be519703303af643edb2032705eb69d9118bfc1676cb,application/vnd.microsoft.portable-executable
fd0b207b2de514aa99fda8d3ffc69f92f232079c477be32e013fc86664c2ff6a,application/vnd.microsoft.portable-executable
3859b3bf1552795e5a1e1cbd4b6f9d006a3343e2111fa5874ab6aea96ee59c84,application/vnd.microsoft.portable-executable
463edbf27652bd9800719fc897965a737815d7ffec135c4e6939b5a9fc1c420e,application/vnd.microsoft.portable-executable
9125ba616078ee4881bb5dcdc83743fc6efda22890cbe265a4c53fa41898dd1d,application/vnd.microsoft.portable-executable
914c0e564ed31a04fd89366f2cafafae7e2fdc867bd1af7abc910c7e53cc3698,application/vnd.microsoft.portable-executable
9197082a242e9eeeb7bc9f11eeaed0ac4c49752d7795e970e84b5d2aa339fe0b,application/vnd.microsoft.portable-executable
96e51c3fac8d274b99b3b3283d810665e3fb7a4126b5819e478197328ac93afa,application/vnd.microsoft.portable-executable
ae95b921a37be9adf372c67870e1caf433c2d90c857f8ed637137637d06d9c95,application/vnd.microsoft.portable-executable
b455a22bc9800ce406e37533cd24f20696f8f02d170b3c5d1eb0baeef7b26584,application/vnd.microsoft.portable-executable
bb5f75f789c161b4166fe72b0cf73d47917cd5c44d055d8cb136bd68b9966224,application/vnd.microsoft.portable-executable
6124fd7d4c8269a63ef5c3f8b95e25fee673055db0786b6d8d039df05a77629c,application/vnd.microsoft.portable-executable
64cbc651b290afb2b15a702df0136f459db02e3d5225bee98afadf4b04c92ca9,application/vnd.microsoft.portable-executable
656982c04a158d5535b6bbb9408cbe1a244eeef3987d875f4d17756d95cad609,application/vnd.microsoft.portable-executable
674ab06c78f2a546d56c7115d28eed45fb589cbb82af275f9467574c2d2f7f3a,application/vnd.microsoft.portable-executable
e10aa54bab1eba4d14baeb114f89fb0a0c8719645dca7ae9a27cddb9ca67397f,application/vnd.microsoft.portable-executable
e7245ab23fd03db67fc14efe443272a0a9dbbb678f1a103e1b50604bcbe11d72,application/vnd.microsoft.portable-executable
e7937b97b1c5ca93fbb354e5731b7b5803aa89b5861c07f3a7e7c3c93ffebd48,application/vnd.microsoft.portable-executable
1624062c0a88e25a70e3a7c7f86ec297bf4bec7992c995617320681a4b346c33,application/vnd.microsoft.portable-executable
1b0938065d88e97b2a91c4e29de8edd7b2b9ccfcf16520336281fbe908bdc7c5,application/vnd.microsoft.portable-executable
79eb1bdb4d55680952c19c929ce17740f08d5bd23b717985f3349caa64e67f03,application/vnd.microsoft.portable-executable
7b7d8f74f07b6b4ab287d22917c02e573ab618ca3cc2e914b12afbd6e802f0b2,application/vnd.microsoft.portable-executable
7bb9e80a9467bdacffa840a94d9a5aa173f6232deed069d6997eeee9580b34ec,application/vnd.microsoft.portable-executable
7d0a5f22293c70703113b286dc213103484c850306b2219829342a94c26416dd,application/vnd.microsoft.portable-executable
7e296a7a86f9593d50aa7c1a8cf8dc139b53dd469cd51a80ad167470c0dc353c,application/vnd.microsoft.portable-executable
7e7b73db65bd2c69a5ffb8d19055e255f048c839903e03e61d65c31aa4b94bab,application/vnd.microsoft.portable-executable
815ad4f9b3fc4b9e9cb115c4515c9ebca20531e27af1fd11230ddeb2e3e3c4d5,application/vnd.microsoft.portable-executable
99797e4df09066340a1b154779e80dcc22b7ea024e2244257ab921cd2377dbbe,application/vnd.microsoft.portable-executable
9af75812eaaff490ebbfee5f19fe7d863a3b5ad6183363f121436c878816afe6,application/vnd.microsoft.portable-executable
a083bb7b5ddaefe7f6632f0e294359140d216953fb36b29b6a819fc4fd2ed5d1,application/vnd.microsoft.portable-executable
a11eba2c5922ba01734748c060e16f6f57fe37fcb9ddc2a057babc3376c31680,application/vnd.microsoft.portable-executable
a2151f663136f30448ab230ada950647e70417422e92f9d7f55cb8552bfa5d42,application/vnd.microsoft.portable-executable
c73c714da801da71040ebce14e4b926603c4f0f85047bd95882e1424591fd513,application/vnd.microsoft.portable-executable
28546eb090780ea7773b86b6eca1570257efaedc8ff7b8a072b9089da7731d6b,application/vnd.microsoft.portable-executable
2c2f6ac619c60bfa8bafdb3b4e9c58165faa54919e94c5ea12fbbe539ffbae7d,application/vnd.microsoft.portable-executable
0006cff421275c8c28505af044d8fd4066a81a84a6b71ddb762c3b82773a163b,application/vnd.microsoft.portable-executable
0577f69235c1a57b0c9efeac2c05f3a414bfc319e308235d8d5223e7e6969c2d,application/vnd.microsoft.portable-executable
0b16d2254dccd12675b52977bada5a8bb9e2bbda77c28717527ec21a5e584388,application/vnd.microsoft.portable-executable
10fb606aa6b7b595111a5992eb0558a44aa14aa2d98a935a6374b6fe0b718ff9,application/vnd.microsoft.portable-executable
11ee04aa96eb2965d21aad7496f90eb902150af7ff727639ecf0ddda15bcd2e7,application/vnd.microsoft.portable-executable
55a499ae301377cc31a00a34cda910cbf53f7eab3bd811a80f9e2cbde5a5fd2c,application/vnd.microsoft.portable-executable
5ca91c0d7c922db2a9f5d2867f6c30eb80ca5179a752aadfd2cda00b686e7792,application/vnd.microsoft.portable-executable
eccf0a2b79e6de0cf9ee19a809d021fba18b238d2761670c560d42bf87f4afd3,application/vnd.microsoft.portable-executable
ee1a94b7279e9e1b8c460a4785818695964610cfff686d966a7aed513ab44146,application/vnd.microsoft.portable-executable
ee6e7483f47c4bcaed0583cbbe17998c1dc08e2d742f9532187920c226d6170d,application/vnd.microsoft.portable-executable
eeac7cf31f27a95ac8bb2b05abfbda4b15bf5061f6be6bb4db8b16f92da99cab,application/vnd.microsoft.portable-executable
829a96a371f565a473fffbad6f1574c83514660035a9a3e9cf7cd2ec0aefbd6e,application/vnd.microsoft.portable-executable
890fcbac7b01f53b9c002a5a9a275f1409e5bc261173e4b82ef1c855f284583c,application/vnd.microsoft.portable-executable
8a6ed98d43fcb56071aedf0108a5ff926aa18f6788a0f7beeb9bb4b7ffa1c319,application/vnd.microsoft.portable-executable
7730306e1f34a1641dd18be1f2045dd677004d68b2727aca6945ae852973f816,application/vnd.microsoft.portable-executable
d466ff1f3556938b4d7ef3b702827f06695c82aa67f7a3483d07e5c5eb61b42e,application/vnd.microsoft.portable-executable
d5fbdcea3cab6fc8fcafc5e11e857a72894428d2165114be02871023e94afcdd,application/vnd.microsoft.portable-executable
dafb28291ae5b9136603747d0879c953b3df8060fafeb81268a5711cfa6cecfa,application/vnd.microsoft.portable-executable
dba7fd46452496b7c4b42f5696a443898ec314ee919714baf975a656116c924e,application/vnd.microsoft.portable-executable
aa8ffd7da15cb6c9b1de3f8ebd538847adb84152aca554e0591baf4408d36474,application/vnd.microsoft.portable-executable
aaba09e971b69658576fac2116c6f7c608a4952d0bf5a88fd9a82c89ec100829,application/vnd.microsoft.portable-executable
ab5f4d53181ab5f18e38b4da4e88a81cc719285e61a990da626128058b68d613,application/vnd.microsoft.portable-executable
ac169e0ea902f19161ba45eb6ce169b695063950e58f8db3a6d940fadd4447e6,application/vnd.microsoft.portable-executable
ac705ef790ef420bf733465cd4f9e1c2651642755bdc0e20b90bfaf0e2d8ad74,application/vnd.microsoft.portable-executable
f27d4b653c02a066e955a04703f6c75e764e7d0a35ece94a0726faab5a991365,application/vnd.microsoft.portable-executable
f44e3bffb5cf43adc04c1bed945d7898dc326dae92b50587560714f23b3fc14d,application/vnd.microsoft.portable-executable
27f5e5b76ef76ad34d33c156ac1a25996a0d92b132735158ab1992b584b5a837,application/vnd.microsoft.portable-executable
