Arquivo,Tipo MIME
7a4a5d7d34ff48d484c8d9b6f97268dc1b12e873f1e08a733bb11a10cba888ec,application/x-executable
f582cc12518c0d0d0952ca20b8075dd55fb4dbe6f15d4d22e3d0311f1207421e,application/vnd.microsoft.portable-executable
f5c4688ba0edcda98aa46a9f98d9607ead71acc6596d78048e08b0e8056d1861,application/vnd.microsoft.portable-executable
f640bae4354c6283a60e24b31cf44a1dc42c8426ef0dcb3b46809615df82a6fd,application/x-executable
f6aed7d7d620bc4464414d7a282d3d241084b7a3d2c82771997007449e71b9d7,application/vnd.microsoft.portable-executable
f6e8a3675934449274b4fc525ea7e708d43efd22a1884db91862579c3d180ddb,application/vnd.microsoft.portable-executable
f7f924462a4fad531038a5fff2ad893fe20ecab7a61050247f2f16573203ef73,application/vnd.microsoft.portable-executable
f903206eec72014e756c3d3ec82ea43e937505708e3aed8a97584495157bf816,application/x-executable
f91556a8da867c3fd206f747d73eba4d8a4ff7e950d5b39a8b7a3c33d4f4a37e,application/x-executable
f94b4beb4a10b8cd6b31eb02eb53ef8e823f2e3323fb9b0d504d284b3b34d3b4,application/vnd.microsoft.portable-executable
fa4205a01b9751e1d1b307ef1ad7edaf6b4a0f030a51559cdde205ea5e463cdc,application/x-executable
fa91ec9575d386fdf184a61670062bd4bcbcaf1f924c1c9e1e621ef718591e2a,application/vnd.microsoft.portable-executable
fac6d309bcbddbc416271af501075b0babec2afd6d5f2f717ab54e7cb1a24366,application/vnd.microsoft.portable-executable
fbbfb5b7b8dd448ac920d901129c803be82258044fb9b263fdeee422e3fcfb79,application/vnd.microsoft.portable-executable
fc29d476f049c6d8a0b91cee712a63d6761b2a16eca42d2c6dac24073509afa1,application/x-executable
fd394e6b46a42a892117ae8f6521569eff1dc42467242aeb5eeca3609528994d,application/vnd.microsoft.portable-executable
fe4f2bc89b6f91a707e7f3ad4288a78ca6038eac6a3ef0cb0c4b7b2dfab6b22c,application/x-executable
5642c62806901c563533c3525d5daeb57b91843cc035a37bee29552848c2a4dd,application/x-executable
572fe97741074d80bc8330d3577d0bc93109aa0a68cb0c56c7b06d30e6cc0341,application/vnd.microsoft.portable-executable
578963ff66d5ffcf74a72e932e9ac2937dd8db1a05feb35c868b8f2c7f8fa976,application/x-executable
57dcad744f49558ffd79908151acbcac405afd23978f0ce3e15e5fd47a3a07e7,application/vnd.microsoft.portable-executable
57ff8e38211f16c1621acc1367c0c76c343d5edac1bb6167f97bb88b461f430f,application/x-executable
597ddb5ec8407ec626d94dd246625bac80729c03bcf39df2506e5dda5b7161bc,application/x-executable
5ac6a8b73a62065ca601119a473fe617b7e75a106c13e6b5a4ff5e7b0ccb5ede,application/vnd.microsoft.portable-executable
5ad401cc4a23c3b8db582245cd599574214bc9d4bec4d3546335ccb21cb630e3,application/vnd.microsoft.portable-executable
5bbc78a673e7c3609f61563c1cd4d772a46fcdbd9a913027985c90787b3d28b6,application/x-executable
5f1ae9f088fe0742c5df7160d6a82f0c11d5b2d7a4d58dc24bb499064b86f4d8,application/x-sharedlib
5f5a20752b2932b3df949ffe81fa44255a03e849c0daf8d37e5bae7bc71e4ef9,application/vnd.microsoft.portable-executable
5fbbd8410eac399d9a4b6db6f42b7c1ce3c6c6a1e7e1495637ee9fc20f8c8bac,application/vnd.microsoft.portable-executable
60b842f57c814ac560487a4c3547daff939a17732891126ba54e9f967e6ad7aa,application/x-executable
a4f20b63b0f91b94f549d628fdfbd60744854d9c4376d8e3569941b083b6d6b2,application/x-executable
a5478d848356f01e623209a4134171ba30d8f813c26033d8c9ad46262e6634c8,application/x-executable
a6387c46cbe69781aeb6c5e8944ec874963e5fcbbe818eff01d8dee791267970,application/x-executable
a6680bee71a31e09b585e7cba20b48d6ac97ee6d49305438d722ce8e53da6168,application/x-executable
a83097adba71c73971736dd8fb475682332923b1b6c710d9fa5a2d1505aa6398,application/vnd.microsoft.portable-executable
a83f268deb2fc06661c29aaed70556e3b9aaeafee2576e8104ecc9e817b71e25,application/x-executable
a91ad1d0480f766e6607d94ecf24946dfd97ce1b493414d778c40c0b2867b899,application/x-executable
a965098c9b6978706e1ace8743d1f5b3e891de4b262ba03d64d91babd42a0b12,application/vnd.microsoft.portable-executable
a98543972d5dcbe62bdc4d2049b50364dec49a19fa521aa527ebff84bad0ecf3,application/vnd.microsoft.portable-executable
a98d7aeda9f23273131675790db34c7c979b9c49c3e5b53a6d956287082e9bc6,application/vnd.microsoft.portable-executable
a9c2b6e187cfa0a0d989ba8bbd54d7ef60ea26106d16215b3462e7453f4c22c4,application/x-executable
aa20b380d085f7f2457161c22ff77ffbc3d66d263b67dc3a2d7e8ab81844c9e5,application/vnd.microsoft.portable-executable
7f358030fb309a553c6c53842d99ccde33c2ab935ff36983ed8ebdbb09d24906,application/vnd.microsoft.portable-executable
87586102001a76163a5e7faf4c0b68790dfce96d347d07eb7b8c4e654168e14b,application/vnd.microsoft.portable-executable
8f5b7712edf69a3c69f915528076b57a281984b7e074bd4e256080ceb4f4ad86,application/vnd.microsoft.portable-executable
98d9e60ea89ed937a9e7d5ae5732bfb5a9a7f7598a2c2fee2af088ab6980e2c6,application/vnd.microsoft.portable-executable
9d17daf031c3b1462a894a62c472f76179c6ba83b26f742e74330fd9e26d1575,application/x-executable
a4f02eb69bb8f3cf3412af2dd8037929b8c39f60fdd03d91cfd9c4749e4e55fd,application/x-executable
aac65f2e2e16cf6236baddb23caa9a8c65e4e49708873f8ad76ca7028c9e0bab,application/x-executable
af3a7e9c74cf6598dd9406ec7c9bf357a273b633a8a1a7c4dc0148cb903e3adc,application/vnd.microsoft.portable-executable
b7ee46dbf54a29e58a2fd6ab054b9eb05d990d67199cc957dce0cc6e269b6453,application/vnd.microsoft.portable-executable
bcd8022d3b8aa75f52eba2dd75450c08d1f9d73f3d710d676f033615c84ad173,application/x-executable
c5d4f09356e599f30263803a3d91e65c535d32a2df655ef7e04152e570d80af0,application/x-executable
d1fc36065390d8b57f7f9fcc46ae61a1242e5e308b64abab385142499540aeee,application/vnd.microsoft.portable-executable
d83f5ae67e252e853399624bed5417e8734a2ab1815b6c91529d5f86096175d2,application/vnd.microsoft.portable-executable
e4569dbb0036c4b35ccfbef84307c578dc51c069fa47db1635f709b6c188559e,application/x-executable
ee2590edcf40f8e4c58130bc085914a97c3a89b28f247ff2d230be4a9553dd88,application/x-executable
f4d3138816cb7860f8250ae2630d03c2264d6dd02d1bcdd9514febbe19993a40,application/vnd.microsoft.portable-executable
2b8c9ccf57031831c130f9e025be529ad9fbe957d5c9af3060f9a7807a5a9d59,application/x-executable
2bcddf52255b4b460a9385b66868a525d17be90b09dedb38975a4368ba895fa4,application/x-executable
2c546128f60bc2fe85dcf05bfb09612f7ab6841a568825228a4588568713e650,application/vnd.microsoft.portable-executable
2c54c83a02f003bb9cd5019ec0a22b42cf7847e262351dba7471c57d6ae95592,application/x-executable
2ccb15d4414b910109b405bf336690056844ad533b442fec975cb6b28713c828,application/vnd.microsoft.portable-executable
2ce82d5f6246e51da17d90488a9a1eee150e356a5f3332bab407169a6efff88c,application/vnd.microsoft.portable-executable
2e1bf4f04246ba25255b72d476d4c7d8dc6d2e915a93aa89b4806696b958bd04,application/x-executable
2e4ef7363bdf762580feee19c45bee13fb0999cb064f3f02ed3a305d51017bf6,application/vnd.microsoft.portable-executable
3001df7eba0d97b5bc98f11f0a23cb39218c05cd0f5749573f3e882a43e33f12,application/x-executable
301fadf2a8b32955abf38fb0107e44bfcaf68fa56973d3b04a9e454a7ff21aa4,application/x-sharedlib
30787bf7191ede2bb7664c4120a462cf57492a59fe955435b41c31813ebf022b,application/vnd.microsoft.portable-executable
30f6162b536d9f6d6e448a8e6b96ccabc3a731e916bc65c844d0bfc0d083daf7,application/vnd.microsoft.portable-executable
311e3c08fc80ee7a353e9dac599823114d869bbbf06d606e52e43328dd4c417f,application/vnd.microsoft.portable-executable
31c53dfbdc709031bf04e8546335d10aa14c51d79505a1bb797f2205ea12079f,application/vnd.microsoft.portable-executable
329d24d6b9019ea5b57151a5cbb9f90e66612d8f3da14156dcf81fce958c50c3,application/vnd.microsoft.portable-executable
8873d5e5e4bb9b35947ca9021199ece4002105a8df08705cff905440e8b6db31,application/vnd.microsoft.portable-executable
88f07a9befbe948cb4d70b89ae39bb1d5a7049dd2ec42f3989982b8c276d0bff,application/x-executable
89205eb0c279b342ddb5892d1661d3a02cef784dcf8ff881c42e00309b6e5e13,application/vnd.microsoft.portable-executable
894fca2952782ed7d090f6809c3ccc651f4ba9ae44d80310271f963e3d982bbd,application/vnd.microsoft.portable-executable
89ce234355f81cecf83ac6bcfca7d3ca2d33030ccbfd7df10c3cae3f4ac4e77c,application/x-executable
89e093bf1733d8d1c8a24d943a288c44b9a119dbac2c33871c0f9038f363bb5b,application/vnd.microsoft.portable-executable
8a6d31a1b666472a2d9afc6ff8fbe59a917db93b46cea797bd2b4b4163c37be7,application/vnd.microsoft.portable-executable
8b1e6a8fc2a1c92b65fb56405db58d70f206a7eab4f716291a1c4f68603d2cd4,application/vnd.microsoft.portable-executable
8bfb6b0d50d3cfd8a7861d4daf09d62ff7b5ac4fe3fce372471403353bc41390,application/x-executable
8d06fc049519292d2c155082cabaa20e6a2687fe006a3394d9bff4e634a0a3e2,application/vnd.microsoft.portable-executable
8ef9ab642760e978b1e5bd29bc49510407ae216b627ece73f9c7bbe594ed6f62,application/vnd.microsoft.portable-executable
d20d7419093d45e6222edd3fe784c55b64e83af26e5c9c0b76c21cd92dc97b16,application/vnd.microsoft.portable-executable
d24a0bb06a98b248cd0aa51982d326b7ad77839adf94abaae022d5c17ad6550a,application/vnd.microsoft.portable-executable
d261952dfe90dfb6bc9411d2820fd98da6575685c66d67b3effca36c25cab1d5,application/x-executable
d2b5459f6a1f0fb1990ae7a94dd2aa5533192a08e6d765befcf634d09292b5d7,application/x-executable
d2bb809a1ba19c3647dd9f2178ab2d07f69352b1b2969f435654fcb4100e7786,application/x-executable
d4a133070c37d0f50b70380b6ed8d2743864c7e46685098ea946507b690b8e38,application/vnd.microsoft.portable-executable
d591a6d18ff8b87ec006c8c9864de66866aeedd47052a8555d5b16fc8dfa6e0a,application/vnd.microsoft.portable-executable
d60e6ef39a06881141686327bce5ae88e8cfa3cfe85fdcad59ac847965f8b4d5,application/vnd.microsoft.portable-executable
d73a6bab8a0b354dc711b998b6a85453005e659d6673a7e9412e7ee2cf25a3b3,application/vnd.microsoft.portable-executable
d79cdb9675eb67f51ecd17bcb09b386687283869463ebaf519eebd513d192168,application/x-executable
d805c2a65621c2615305bb3f1568927e4ff066ac20beba833fb620201b41813b,application/vnd.microsoft.portable-executable
af3efc13c294f1ce5889fc58b905dc81e945fa216131a4b3c67c2e448c6a636a,application/x-executable
af4dd433f024ef659022eb98ea07d91d039cae792fc22d9ccda9495a820b798e,application/vnd.microsoft.portable-executable
afa501ed5ca8b992ef86d72a30eea0cb01c97084578f9cd1698ee54ca756520c,application/vnd.microsoft.portable-executable
afe3a1295d1455d35cfe282001ec03c07aab395a212be86798f7e88c5229319c,application/vnd.microsoft.portable-executable
b026ced67ec62cdd703d167919b4eb186325229a7ab55e09c8cd0116571e519e,application/x-executable
b0fe1c900d4f3757fe7c60a794aae4cf560f558e43e9094591ce2b88cbe7b0f7,application/x-executable
b14c2bc3cb6ab477e63e108a065ffe45fb2f7b716721c14ee370545d6dc0e359,application/x-executable
b1dcea234acbbc63c324a276dd6124d00fec3198b7eb8a60ff82cd1488a290c8,application/vnd.microsoft.portable-executable
b27709a1d467d9a66c98b1bc1adac336775a1919aa5210f2ed2533c6c2f17f27,application/x-sharedlib
b32fb75c76a7c459475ea2694bed2584c5938219e3348a37b636dfefd24c5141,application/x-executable
b3bca900420e8c9067286d1a1b134ad9031f7846a9eb752a2cce576606068b8f,application/vnd.microsoft.portable-executable
b48cd582927b352b29625d226742bc72c83a98450bb329022275543afa83cfda,application/x-executable
b5182b931d717388cd31ff9be135892dd0c273ea5e023e7f3e33d97b76fb9b5f,application/vnd.microsoft.portable-executable
b5966a78a1ddb5d840d07bb9cd729c3a55db08ee9943034d5423cb23e89276a4,application/vnd.microsoft.portable-executable
b74ebd8be5e9c511b482317bd2bd0cad68e0046c786e0c0a0c7e6d8cc47341c1,application/vnd.microsoft.portable-executable
b76d7069f9569126ad472ef455c5e31eac606900a03c1170825b14b7296adc00,application/vnd.microsoft.portable-executable
1e2c1cc7139f6ac2bcf8067ed0d0caf26ae2ed4de10aa1d500b9969eedc4df28,application/x-executable
1e9e89ecc26ae202fe4c8ab59cd4ff142dabc6df04c4f0720ab91e7f0669fa87,application/vnd.microsoft.portable-executable
1ee9f87c9a705fad94f88a156112bc591f73f7efa93d73ec837b36e570ab1c5c,application/vnd.microsoft.portable-executable
1f3444a89e24619ec365cf20c8a41b542341e2e604852836aefc8da5f4c365a6,application/vnd.microsoft.portable-executable
202f671f53fa0b1d8f1518d98b138a749755a5573ff7a8f2de5f64ad506a1ef3,application/x-executable
208a5898ce04c97ca368fc6eab24831425dcd339d0216101782201b9de13d39a,application/vnd.microsoft.portable-executable
2174280c9df9e9376f125ecc4eda243f12e64739120f9d92270468ff0503dc7c,application/vnd.microsoft.portable-executable
218d3082f6dd46ea4a5554f7abe9246f7ec03e84d0ae483b4a277e7846c9106c,application/x-executable
22cd409a6c43a5c2db36a432b6204f8dae7ebabc2deaeffc9b82f9a3b0a9d9e8,application/vnd.microsoft.portable-executable
245042f3b237a8731776b8f6cdbf3b0d7b052be6ee63a773e9e4d80625a505af,application/vnd.microsoft.portable-executable
3e9b013cab37e9c435da235f020a58fe69df11cb6950ea21da3d50654f47eee0,application/vnd.microsoft.portable-executable
3f25cfb43998a96086c72c86c63c9bbf93f052383bf1269aba1de6c2731e713d,application/x-executable
3f26e9e4a4f628913bd4432a9456fb3b0c67fbbb760d3124769431219b6c6972,application/x-executable
3f2cbb83d4dc35a44578237b059b68ccd82eda1314856d5c2aaf2adc552db9fa,application/x-sharedlib
3feb30863ccc36a4513c48391dd23afe018dc0d4a6337a1336e44dc76994029b,application/vnd.microsoft.portable-executable
402bac9cdca4ee7ea9d0e8bfe84195d276ee93add7c171505ad6f9d40b1046a6,application/vnd.microsoft.portable-executable
405568d97b573b67f97a293a3aff152580b0dda11e34bcbf917e2e658f8df3b2,application/vnd.microsoft.portable-executable
4085ecb935ea410e14d88d387d5895a83ad8deb650652339fa1a62815bdb4a51,application/x-executable
40cb80d103a0965e9279cb87ff46a0da9eeaba1c386368cf24d6e7f8f626a40b,application/vnd.microsoft.portable-executable
40db4284234edc4b39f1b24e8ecd8b955bfb431927a377210e5a9165f02aac6a,application/x-executable
41b3dd68750c1f5622bd84f46092c2b8a36c0aacd116530006ea0d089e524e4a,application/vnd.microsoft.portable-executable
41ec514f0847020169abf8f9b186e9d6e53fa6a7a392f6f8586c907d909263ea,application/x-executable
431a8c5e1111efa7b1d050fbbed5df4ad736f01cb7f4bfb48f20c645871ac6b2,application/x-executable
4349706da563149be252a18c4764e244cf5b448df7cfa3a79b3d6b42be1228a4,application/vnd.microsoft.portable-executable
43c01a5927e4d396c952f40d82210da66415f761c3a19f51ae8296315bd37118,application/vnd.microsoft.portable-executable
46be4cb868882c591696aea8322a7ba3da3c26635004bbdead29c52f6353c84b,application/x-executable
6c11f395e59dc9fae6e4a3f6a7a9801bad7f26de048bdc80202951a5a2e90d30,application/x-executable
6c1901c7cf68711a5a89cfe1c29376c8039f4517bf28b74b02366a23fedeced8,application/x-executable
6c5efc4157937ffea9555cfd3f07a4177be009f6deb486bd6ee59c9b43941dab,application/x-executable
6c8635efd232aa64c747572c8ce86c2a6fd18946aa5c2ccceb1d21f5f0d526ff,application/x-executable
6cb24e139b8d8b0622fc8e5bf69c0754e826b1defe5d1bd50537b5ed21f58df3,application/vnd.microsoft.portable-executable
6d22938d9b8940c71c3920b9705fa9f64c3c1dabfa157742a6f7db6f205f9060,application/x-executable
6d4de75278dda9ac236b39df59e34fe339caeae7aa9bf4d047ed4da6e05c3216,application/x-executable
6df670f33ad6ef7b26f1be7cca1d7c29cd95dafc465d23450c1a771ce534697f,application/vnd.microsoft.portable-executable
6ecd1088946f1c2f559e9791a188d89f4a829c516013cb1cfddfad32d9ea303c,application/x-executable
6f241b40dee308b7ea8b9c0ace9e979464a6d51cddec03014ef8ae01cacfd792,application/x-executable
e617a9a9b0a2182d6e1c3d93c2f212751ffb33f784f9607bfe0e2d12bed79ed7,application/x-executable
e6a62adfa04dd412624e215437c32a190d53f0ed233f78f4164a4d409eaf2a54,application/vnd.microsoft.portable-executable
e70a418bd87c27075053d3602d0d9889251c0ec04de80cb3b79115afb0ecbfbd,application/vnd.microsoft.portable-executable
e74bdd685c076c8574380eefb5331e3602fb9eaa4f384729a772860d26b455b5,application/x-executable
e7723cf9ffc3595d3f4ca48421a89da8f882b69860846a6a4a1195e4769e725a,application/vnd.microsoft.portable-executable
e81caf4ebc2bf51633a4ff4ad88aa7053cc66f92762c4b0bddc901b9d554558a,application/x-executable
e9171f9dc68923917065241999d868f2387818177aef203abf9b1418fce3f24c,application/vnd.microsoft.portable-executable
e965045102a1d31f01c248a39b07b01827f5cca0191e582ab793bb93413038e3,application/x-executable
ec1b26141d708e527566d944dcede82d7852412d185bbf26600ba781ae0a7f76,application/vnd.microsoft.portable-executable
ed48ccda4f595df0ae8106fe0b291f0611675dccb4a924a83deccff9b2a55da4,application/x-executable
ee1e39bcd57e835c6732f2d0ee1c68565ae333279517846692ed39e307ab1340,application/x-executable
98fb2c3daf29b7e032b9cf8463e8c59f314c588483f1e0941f33b7410e5e15b7,application/x-executable
9906bd4280989f41486d5d5f2d7be3ff92f86adbb41ebcfdfcec24c974b3fc60,application/x-executable
994a2e58b8c9e72ef78fe399df5f6875d4f0f43d52fa993591cc683119a470a6,application/vnd.microsoft.portable-executable
9a8bae8b4d3e6d17baf1500de145d8490150908d9ef2d87a633bbe900cbbdc38,application/x-executable
9aeb010b011d96fcb9b293d76ff36407ccd932d927524d789c195c23d58654ab,application/vnd.microsoft.portable-executable
9b05f4ffc408bfce3d1e64746609a77dcc08ffd9643e9a7ad83ab2c02ae7d676,application/x-executable
9b098ad9191a62d5f7614ee038df2df2cc2e756cfff0c80114b0641a382c9d5a,application/x-executable
9b8f24014f4644c2e4ff9990529d7a66b20cba64c9f5a3bf681b08c8fce77025,application/x-executable
9bec6e06b6afc0b59f5e60cf9750e63d1f165b2a73b342474e8c1bdccf8796f5,application/vnd.microsoft.portable-executable
9cd570f22921e21b26c28e76f79f146f03efe6c758a388ae2f50e54fcdc73572,application/x-executable
bd1a49ceccc15a308d49d1fafb8006b84a834faf3f3bf7bf96d23a4694977733,application/vnd.microsoft.portable-executable
bd2178dc2c89eb74987f300f68b979993705f2f638bcbbe5a6358eca96054195,application/vnd.microsoft.portable-executable
be5fd131b116334da625fb67207f0e5669c1ac48c636eca77a629edc81acbf10,application/vnd.microsoft.portable-executable
becd72fc45d561cc82a7e0771f3d12bba6670dbf6f0f713f8a7d4b6a0f32ed71,application/x-executable
bf2a1c553042447c44c82c53625d398ee2d71b819d6b1e3f633a5328e5ce3031,application/x-executable
c10366cb2e0e2a7482ed4d12b6705c8937613c4439f931b460017e5410a9d510,application/x-executable
c13bb8d9904236eff604a5b1accbe022a93f89ffe40abaef9bdf757946b24fb4,application/x-executable
c1d3005c927ac1d738b9728516290191579a3996fe07a5157533128f885610ae,application/vnd.microsoft.portable-executable
c2152ba738e9b14a8a7665cefefb2680606675ad98daa7b5723ae30c7f09d3c0,application/x-executable
c28eaa6dc0095ef8bc374765f6997b41d975cc95eaf606340b1a550393c7447d,application/x-executable
c322cba279a1db9c8df413a1d7500f446496b335486a68daf8a273b91f995d12,application/vnd.microsoft.portable-executable
c3852314ad5522e7501b41b253d262930c79941b49d4386b1eda2574ba3d551a,application/x-executable
c4d259af4ddee40f2cd724defd17354515f79efeab91beb34139f797ec4bd779,application/x-executable
c4d66635c8d014ed8c18ec2f7a454545a47caea6d29503d5496559faf974be19,application/x-executable
c4d6803df3f95802449cf6d9a2e835a8675947cee67e6754f5c9f8238d2a0b4c,application/x-executable
c56f993cd6da8d6dccc129e3f6fcb324ed663cbbf845c84908dfd64259169642,application/x-executable
c5792b0a19bcd35681e4b130fae4cd51dce007b18dcd315f0ea738beac6a937d,application/json
47502ba475046266a9e429f0a3e3a8ea223c32cf67a1b786ba3e5844a80eec74,application/x-sharedlib
4892d4ac2b1038ce624dc59b297e8a8ec59bb5983efbbcf47ea602974880b088,application/vnd.microsoft.portable-executable
48a5a5fd26c2151d67256593f47d219d420013fe2144add35a656351e6d84524,application/x-executable
48d2b7af3ee436f62641f33771f6c6e24a502ebb8570ad376a809d4cc1ce0c8e,application/x-executable
48db76758ccb1e29aeb1c4c750c46e5aeb10fcf31a6b860bb1a95f78957e42f7,application/x-executable
495b39bc20a036874f3c34953ebabc72ba5594eca64ebfeee32fcc6dd7e3850f,application/x-executable
49ded9d3d8da0ecefb872be7687c1de91903e26046a60741eff259f73f3af0d4,application/x-executable
4a4c1f26cac3f3bb6d41a571f13844ec2374fc874b506851246b77a75ed15a98,application/vnd.microsoft.portable-executable
4a7bd70afdefabbd0c8bd2df7fb43cd371784a00fc484a9aeb4f2257c568559e,application/x-executable
4abe6778211a45e164e04d7cc53c41a5ee18696409be66809bb87e44f74581b4,application/vnd.microsoft.portable-executable
4c5685d3937c9f7864979c35104fef678ff9bb08b92eb815d9afa891da426daa,application/vnd.microsoft.portable-executable
4d76b41eb06310f3e7bf6094b421be0a677926b8e0a153344ab8e06dc1af4649,application/vnd.microsoft.portable-executable
4e3a3fc0a03cbbcba46d02a55f452420062807a9387f8dc1d0b29585258513d8,application/x-executable
4e81af28b2a2c638cb74121be62a60b07134dbbd9e537913ee28e5cdaaee32ed,application/vnd.microsoft.portable-executable
4ed69d902fe263225e1dccb4af191272497794966ec0fff2c114adc250382aae,application/x-executable
4f1df37f70392a28fa807e2a734263e3bb58cf56d9b5e4de57b324d7c35aff35,application/vnd.microsoft.portable-executable
6f37b5218aea88799e586e171b21a47ccb9b89c6dfb961e5a1e297865492d189,application/x-executable
6f39b08d94f0f72226d05761ed9e95e06b84c827ac8551f6135016bf017e8a4b,application/x-executable
6f39b9bd727ac3f78eeff48b98d1a09b92b064a0a3ab8849a58aa7ca7b1403f0,application/x-executable
6f3efa3e4d0c731e3b44212b27ffb39602b4bbbcdff1440db68addb8a83d79ad,application/x-executable
72b1043804e6aea43caf205d86a226fdf42e47dfba23fc36f3530555f2f94a28,application/vnd.microsoft.portable-executable
72c2d296df723c11d7198c83e7c34f4a46993d043c0b48539dc99df55489e0cf,application/vnd.microsoft.portable-executable
7341b63b2930c33bc16f7e6f34d71d0f52e3ef7cb0b9a967beba5ed0212cd61e,application/x-executable
7508e0328cddc23243355db53f1f210b5cb86508389d4e16679b6527b91cbfdf,application/vnd.microsoft.portable-executable
75c2d421b8d1f1f4f2d4ad874518a75158f5df3967301fb5aa41f51e96988579,application/x-executable
7649eb3d39f42c3345c3c0b7c71fff44e72e8d91b1a7d36060664d6e23cd9d95,application/vnd.microsoft.portable-executable
7657605c6502abe62ffa1e29c27bbe9d149ef97977c6192390c7a94c678c5731,application/vnd.microsoft.portable-executable
76785523c25a091436f77d26c8bb76deb499685ab1d449626bd64bec577f84a9,application/vnd.microsoft.portable-executable
77f4263359a74ee2316b176d3ee525953d6598b73557309ade49969bff57d447,application/x-executable
7980aaaed59d35d2dc6c3fb948974019385ecdc36284d1a98ba45501965e8eba,application/vnd.microsoft.portable-executable
79ecf295df31967ec7de2b8c321ba737fe9378d597ab7ec891a6f9dab1b7fa81,application/vnd.microsoft.portable-executable
0ca5502a830898a628308df05cc8e475083ff57bee5c793b48dc7c7e6973fdc9,application/x-executable
0dca6ef7e8ef8047d30cafdbbb99f08cd64c790bdff3b506bc053f052d917045,application/vnd.microsoft.portable-executable
0e6467ec8bba6cf78baef1e2d7580963de67bf8f0f8a8e75698c43e915543cd2,application/vnd.microsoft.portable-executable
0ed1ecb45055c28b2a25f276ccf77fd613b3893ab36101300ca603485c893df3,application/vnd.microsoft.portable-executable
0eff964514efd5517c633813c7ea5bc942663de2e803ad3ac773c956e8530138,application/vnd.microsoft.portable-executable
0f5aefc7a76af75b503ecb010f2f88b6a8cc853a11e7cb7b5ee9e08d9fd74eba,application/vnd.microsoft.portable-executable
1010784d031ef0eb4316cb2c279c72c12756401e252c19b2742123f007eb4b09,application/vnd.microsoft.portable-executable
1044f06305cd58d8d134cb81902b524cabbf7f20b564e82df7bd07dea6dcc7b5,application/x-executable
115a676ce28e60b7ea751864340c250dea83e6dfd4047b8e87e4151e873742ef,application/x-executable
116a7adc4311dbf578e27741eb157616babf419313d1463d9cbc7b9030d132c0,application/x-executable
129e6224374bb735396df6cc3aec46945bdf33059197674a7b181d249caf1411,application/vnd.microsoft.portable-executable
14265501bab0ad5308ece8a670d96f599723b7501361ae0085984d16c7bd7784,application/vnd.microsoft.portable-executable
1458704d15aad5c549d1d113c5c6266a769824fdab0446995197d5b97b9a9bfc,application/x-executable
3385fbf34b358b47a1edd1ea05cfc9d6785b1347adf51223e080fdcdce068201,application/vnd.microsoft.portable-executable
33887508d65363002229543296fca9d21e99c632edabafca4483ae3846ed4639,application/vnd.microsoft.portable-executable
33af2278d653dfda14ada001c9bef3f254e4b090b2c5ea202b93112b4f381414,application/vnd.microsoft.portable-executable
34cae57faccb23cae54af8d7cd000e5318b17a40a978f64accb300f6a9136f91,application/vnd.microsoft.portable-executable
358cdd84390269a343a1e692725bd1835ab6159f5b8b2d45be5d4bc418d4d7c6,application/x-executable
35e717583c41f74f39109e53cefb6f9430c87d6d8ff43786dee67efcbf3e2658,application/vnd.microsoft.portable-executable
36b0244b9b6b1636443245cb101f0418da703a573c9e04fcb77501095bd53b89,application/vnd.microsoft.portable-executable
370dcc76717786b96fd44e553d9abb852ca02d24b84b00ac233a612728afd2e0,application/x-executable
380adf4a61bbb985188f22026ef74f84676ae4b2302f230abb284706c00a26fa,application/x-executable
38e012e566acd07787f6afae624660915e53e66187975ad6a4b67cbe882f6613,application/vnd.microsoft.portable-executable
3949cc9aa66a403e22ea6bad26ebea0a0e6f454bde9092fb617841ceeeedfe48,application/vnd.microsoft.portable-executable
39d5fe7dfc8485b7d20563273eef7a1fa685e3168f7e63bba28bef644054e2ba,application/x-executable
3b0c94aac1296c21716c6b782ab24f421ff2c450d149735a0bfe68ac0603283d,application/vnd.microsoft.portable-executable
3b17f77868b9124ab29ae2b718e58d60d4f182a0a722ab8e9fb35f0398b3b03f,application/vnd.microsoft.portable-executable
3b30a8758e6776c5d6fd71df3f7b1ac44fc7ddb21ecafdffd2bd37207359165e,application/x-executable
3b4dbe375c387d1141f5a06b79d0e96c4eeba8c1ca0098531e391bfd5b68430e,application/vnd.microsoft.portable-executable
3dd336d6cf67eeb9021e65eeafd77ed81ecdbc76b13b8bfe161f3caa9225eb2a,application/x-executable
3df027078f16d3152293b63f81ab3ab6d90d57766c84d58b1f0219c2973fd396,application/vnd.microsoft.portable-executable
ee62755c632bead9870c3aca96fd4a1f303550089d7d74f6339625d6a9910ade,application/x-executable
eec8517909a4d11c6c085a7b47c8c4ae9037838817e4862a77673401778e76f8,application/x-executable
eeca2aeda0ff5e8929c933333ab92e13fae865aa86de232b745f945565971c6d,application/x-executable
eeca8875958e1eda3e29e63fedc044cc955d8d0aed117876f6c1321f2accee1e,application/x-executable
ef0af4798814b478bd32a2c9ba0c846b219e8b4912c1539cc9dd3b4ff8d12e41,application/x-executable
ef6ac80d5dd1eb54b9992497a4b51381ba8eefedc46d1265607ee1d6091d46f7,application/vnd.microsoft.portable-executable
f122467d52d852f6f5bb82a3bdb5134f485334a8c9aab69148dd65109c969444,application/vnd.microsoft.portable-executable
f153ca447d8faa15e58d21277b7c26026d800e6fb86ec30eaae7564397b60294,application/x-executable
f15d4e50aaefacc9ef3e349de66e751e327c7b72d115b33d392a5d29a995eebd,application/vnd.microsoft.portable-executable
f2b13801309cd403f71f3721f2f88d52291ceeb707fa7d42fdbabbb133f834ae,application/x-executable
f398e191f0d945f84e48cbf82101da7705e8602ec95652fcd03dbcf7325d7478,application/vnd.microsoft.portable-executable
f3c76a98066b7608bf7bd40edfef88936776c015ffcc627d6151fb5eeb92f336,application/vnd.microsoft.portable-executable
f3d4835777ecd53df8ba97c97f6819186aaa7e1e7d9f99d8601f1bf830a5551b,application/x-executable
f44d4757a13e959b7bf8329e484937c5bf4e3dca7e3e67e83bd3aa81094d3495,application/x-executable
24ed07e1d40288aa860c1f9431ee4a1bdd2ee0db7ae9e3fee8dbda8d680d085b,application/x-executable
24edbc68c2dbbc85dcd3d48a05ab1a1e6bdf986e77cb62eed74a31e73d3409c7,application/vnd.microsoft.portable-executable
2520eefe40e1ce79d19ec005deda345612a3d767bfb9f5b5992f957142b5e5f9,application/x-executable
254bc36aa000ace6c01e6ff8bfdd43eb87eadc3115eab8d1ba66895b660e26a6,application/vnd.microsoft.portable-executable
258366c3d6cc6a7921afc9b7eddb0084b268a5b4c1b546632e9252a85804c0da,application/x-executable
2603dff53093d97ad41a9be60ce2de1a9cab1d0d1e7c92656fff71c49a21c260,application/vnd.microsoft.portable-executable
263ba9a7d00ca943fa0cc6f190c8cee7a468dda874d4eef0c40f1f4750c50658,application/x-executable
27e4dc16885499e2f0b5ffa704dd41d88ea97f13f5264665f1a02fe8febc627d,application/vnd.microsoft.portable-executable
27f89a21bfe56876b2b4b23754bdf9cf9b5291431615e8ddce1fe5a31a37e95a,application/x-executable
295d8714d9bbac67257ec1a4433c8777da21ce509bb3e3815ac749fd8c11f09d,application/vnd.microsoft.portable-executable
0b59cd1c5b4c7165907a831358d33fe02ffc3cbec069b9268e669af44dcc4434,application/x-executable
15380ecf8ec892eb9a398773dd27cbb6d61baa7d2f922c6107c8b70792123271,application/vnd.microsoft.portable-executable
1d89915f5e60ecd762c1a9a61000c862b648e28c4f3ccbbf2f3faf8ef70c99db,application/x-executable
248ba0e6de6a4bac0c3e75e10222ea72e093ce1ad96f5cbc8e60c90453b66570,application/vnd.microsoft.portable-executable
2a11cc538dc2ba1aed6f0995d34e5423abd53f881a3bbeac85e36077cde3f69b,application/x-executable
330626415f24a8e3c81a8902c6816d79cb3531fdeb5ed64a849f6f5e6ca3b9bf,application/vnd.microsoft.portable-executable
3e0986bc4f59ab76043ceda8b05c248e9dc1b555c2bbb601f002fd6989ebaea2,application/x-executable
471d7623061bc76f8a1d8fe310b8894e3be6e0d03ea247c1dfdf553fab55ed3d,application/vnd.microsoft.portable-executable
4fd71e2183e668b4ef5a4c39396f06ad44e9f350d4b6be65279fe6e66637371b,application/vnd.microsoft.portable-executable
556b681748ced580c5808dbefc409dff811913524ef4b67e47dd0e94afe327f6,application/x-executable
61a7f51961c2a74893a67c28ed9a64e87001d09249c538d30e384d0057cfb813,application/vnd.microsoft.portable-executable
6b37245f16dfa82f4623195ffdf27cad50d09ea59f247cc9e0fd48247de87c49,application/x-executable
6f32386d764aa8dd8e06e55c22050e1795f32519352422fd0d940f0eaf31b619,application/x-executable
b7ee74fc37af7b03a26c9c08e28d45e26fe565372095dd514e1417cc31debb6e,application/x-executable
b8a062e4287dcd900ad441e41a925a042e754642a23c08faae49d8505595f902,application/x-executable
b8dc14f74ca648c1fe3d4bdf653b6a8ad066077fc55748a0351bb36804ac691f,application/vnd.microsoft.portable-executable
ba289060a4553a5a938120a82756c1b837efd8eaf87845ef08989ed130a5cc2d,application/vnd.microsoft.portable-executable
ba7291a13b7fa9a4e3ceb8ad9d15213c20bc19995389344d45112e22bf1b97ae,application/vnd.microsoft.portable-executable
baa567b47967b5e0cfdda22510f729c10f0690c6cb488c2af1d6796ed00ee4b3,application/x-executable
bac4be345d5e7f43212940dbb9052c5a2fcfacce5e2b0ac4ceb5b077191e2218,application/x-executable
bb285c758db6fa64879f063fbc70a1855b0ff50635460868e4323e3258c61bf0,application/vnd.microsoft.portable-executable
bb474e5226008d702fd7a2ce4479e8fc4bc9d408b361406cf616264304f94f2c,application/x-executable
c845f45071a95578d496416c6843191afd929b78f3be9ef97cf69d4bf6453c7d,application/vnd.microsoft.portable-executable
c91edab536e8e24dbbe1ce1e0f8defc7373e25cc286576df7b582b2663b7cadb,application/vnd.microsoft.portable-executable
c93907f47b6cdee0dcbb9b96a718b5ef5a948707a70f19ed5afd85fe0379790c,application/x-executable
c97a7901306bc5861d25c552de3b4a107e37fd803f58f08b1a28f3770c8edf97,application/vnd.microsoft.portable-executable
cc60f296cea1189bdeb307c06e3fc0887fba3cc45f63301f6ef7fa25c45d62b5,application/x-executable
cc65a49953bece1173d632fc40faf230e57a3d7929f1bb53e452503f0f451f49,application/x-executable
cc6680e9884440d3430362ce85fad0dff715c72c6359060cc044e7d933e69b24,application/x-executable
cc6efed288fb4ac5c7de10ac30ff0676ee773b89b3a52cf8ed265176c40d20a9,application/x-executable
ccfc10e72ebc9ce47698b4e50a392f72d1f7052f76aa30146ea27eac7121b48e,application/x-executable
cd0954445c2776ef688e4216ab9bb257479189f7d533b8f5d574db39bd3f1359,application/x-executable
cd213833fafa0183a2ec86401e2b422778a1d78a39e76cf014e5497fef529922,application/x-executable
cd3c85bc861db67dbfc985812350d37a85826f15f5f72d6e7cbf54be237a84d6,application/x-executable
cd4636f413173778d7c560e38ee89e6b458ce89c0d439cd8f77a607f9c2f862d,application/vnd.microsoft.portable-executable
cd4e910eecd04609a6f05a37390bc70bebd8cdfc6da3daa3c083148243ee6ee5,application/vnd.microsoft.portable-executable
ce2fa5187534f216eed4f2225402ef0a1829e7560f80dfff6f840060ca105f5e,application/x-executable
d07d571ce72dfcc16922f5fcde7f26e0fce8d46be40548b0be1910238bcb2ae1,application/x-executable
d170ed268495fe5fac565e0ba0744d39f16560df765a1368656929e3641c6798,application/vnd.microsoft.portable-executable
aacdba43c261727aed6a66de22af3b9a616bc060cd4401459879c66bc23d78f6,application/x-executable
ab2dd534468ee762eb809b753d604871225202c3a44a75131ba669892d30b39e,application/vnd.microsoft.portable-executable
abc323165d93d476ce4dfe00f04ff55b5158ef27a74b61274418483af65704ac,application/x-executable
abc88d74569869d191337bd20c75c331f9c9c301cdce05c701f6b3ce8a2e2d75,application/vnd.microsoft.portable-executable
acd03bc01c6f702bc7b88769f716292403b1eac4e8d48ab9c3dbcce9198dc5d0,application/x-executable
acd1d7012a9b7f0726cdef486cf200ef1fc4b81bf1100d7f9512da4e9d4abf64,application/x-executable
acd767fecac1a40518ad22a0447c35053162fce603f771975bd4f0a37bcf880c,application/x-executable
ad299cc607193b7a87de3487f7c1a84c7a4e24427e98f0613e450b96032caa5c,application/x-executable
ad5e209e0b215d2c24ca4e67173bce46e14baf57a2d05f9972370002025f3c73,application/vnd.microsoft.portable-executable
ae21fcc2831a348391815b980cd6229f1923bdc0f6d00dedea12ea1952d980cd,application/x-executable
ae3481f2a2f0358f94a28d895e945efe7f12c9a7b0963d4da25bf84b71ebc5ef,application/x-executable
7a88bf08753f90670a014cef9f17824d0d2d99e49775a346e2e3da12eb7d671d,application/x-executable
7b65a575532059440b4fb1e982d266e1c3c26e78c9d851b0536944ba5fd23753,application/vnd.microsoft.portable-executable
7b7bca2968178081e1bea211c24de49d198eaf661e2795f82dc74bc469080c69,application/x-executable
7b9565956b38d567c11d1bada9ea6c03e7244643c654a7b98e883a55802e2d07,application/vnd.microsoft.portable-executable
7bb6a5de7ada05349783a731f3c484129b2fa4f9812ad84393762eeb30379bb9,application/x-executable
7c0e87a1dcf1920bfcd75a2ba5077077a219eef9e33e94808e61dac697973c3e,application/x-executable
7cb32adbc71712c1b4cf2508928535f345c5311bb27610eb44bae6584812769b,application/vnd.microsoft.portable-executable
7d62d66b3ec66871e3c36c77a1537d9a9c85d6901837de76ba26b4c9d7912d6e,application/vnd.microsoft.portable-executable
7e0f50d53be69de81bb8d32a1953a88dc885806164cd5564e3d1306e91621f13,application/vnd.microsoft.portable-executable
7e2296366485126ca68dbdfab8444f2f3888a3205d2883d6df5befdf14e9c1c4,application/vnd.microsoft.portable-executable
7e24b047cdabab1b41e70dbb24db6ffb9e4fe89c0206982495e537096daa1490,application/vnd.microsoft.portable-executable
7e2d1a00b1218efc83e6576920c60f0d94193c58a408d0bada29d10c1f78441e,application/vnd.microsoft.portable-executable
9d437b68af3dcc74e32a2a732c60a218ee2f0a9bf0c5c0680fb772d43668e0f5,application/vnd.microsoft.portable-executable
9d774dc018d2e366657d021f26cad6886117667dc1d0d979c21e59d015ae8da8,application/vnd.microsoft.portable-executable
9dff3fa435fe7b5b2a5f3c10df8ddd4370861b19920b4e73e291a3a171bf3a26,application/x-executable
9e239ed8baee87fed475839bf28f3a3a192cd75b280be9b452f6fc9a89a649b8,application/x-executable
9e2ce9b15496b110a6a4a691d1b85c42e27706fe2dd2af4ba0ea5fabe2aa3137,application/x-executable
9ef2c0fd63a77e3692313a4ad122f5ba00aa970c85fee38243620caa94ad4cfb,application/x-executable
9fdb679a1fbacf7b277173e6d3030a3f460e4380e68824b7e6402cd2778cd364,application/vnd.microsoft.portable-executable
a00c1cd877b990a01271a55ad9c32e9b8452d3b7106d399bb95036f157820f26,application/x-executable
a0452be7f85545dcbbab1afc894d8a430b2916333115a2efd482c1d9fc05018d,application/vnd.microsoft.portable-executable
a06989b5fda63df3fe3055157a1b6a2f4359e3fd67e800564d40c2b2b8e119ea,application/vnd.microsoft.portable-executable
a0ec74d18a6ee7f4c0f29dc3434634e67659fe0f00e426dc296eb07068cb990f,application/vnd.microsoft.portable-executable
a1ce087ce7bb0ce5e9110862718804e6ec33e3a44a61b7da0dfea0bc329d77d1,application/vnd.microsoft.portable-executable
a1ebcb4ee68480ca53c68f781360a06eb7b001f37353071ad7d932d922b7678f,application/vnd.microsoft.portable-executable
a41cc5b3fb70906d13997ce3939555fb6628a1bcb52ac9767241c7c5588f90d3,application/vnd.microsoft.portable-executable
a454d9227765d93af5cac26c59a333c454ed18f234a27ffd740307039e2a0b7c,application/vnd.microsoft.portable-executable
d863d709f2621f654e5dc3acf19a550ba3c30a1ad4dedfb33eaf2960bcb031bc,application/x-executable
d865562207960b7f4672a45989abb772d79a8cac3e14d7b15493088ca543fba0,application/vnd.microsoft.portable-executable
da1bbaca0258dec2310217a6995bceb2313a4218741fbd3ec910f8958a9763cf,application/vnd.microsoft.portable-executable
daedc9ca87c66c7dcf93a16a12ef3ce1140f370672de66ab5fcc287f79a436b1,application/vnd.microsoft.portable-executable
dc23c3447ca577d8ae8c659ecaf0724469fe046b1de151cdc152ba833312ba64,application/x-executable
ddc2faad5e5e4e8e098c1f9537f8b71489acbd1ca0aba2f2d88e0455392edde4,application/vnd.microsoft.portable-executable
df918c4760c98fddb89186afe0eb62bb2de31919d28e8c3531e60e0925b286b0,application/vnd.microsoft.portable-executable
df99546a087466efddb55fb5c8dc2fe8f047f6943798dabe226873335303b265,application/x-executable
df9def8b370cbae1fb73b1ac4b0aec0ad16ab8d551b5646015a7ff9d51089cda,application/x-executable
e332e1bbc4a7d6b06e6ad2ca094bd6aa8db18f864aed5fb221a27d566c246ded,application/x-executable
e413c42a59bce3e0539f096cf43128d7b8139d6e201581cbb6870986c7650fde,application/vnd.microsoft.portable-executable
e4507541e982f31433b0f1f52eef88642acaee2a4c3cb9b1035a0cfd8471cde3,application/vnd.microsoft.portable-executable
001806e4c0a679c1b52fff4da1495358f289552e613a19265dd1e07dec629351,application/vnd.microsoft.portable-executable
00876c8fcb6c531fef0f65b85b4f6db629001d063ca74ce92a5f02b7b26b6c03,application/x-executable
00faccff6a257ace53830b701f46e717d0df78da8de1ed0fe6c2a2e5e9ee5f7b,application/vnd.microsoft.portable-executable
020d4ba90b0693109aebe4948c481198a7c4e12040fa4b7ee098fda7eb48a28f,application/vnd.microsoft.portable-executable
02634d56e58facc8aacfa300e9887903c9d4bbf5fc14dda2900c0ad16fcfbdc2,application/vnd.microsoft.portable-executable
04c63f4616072799782f526c9cc5bb6e62494e7f4a1e4904b858d228fdcc7887,application/vnd.microsoft.portable-executable
0572f6a428909bd9c7d814f8c528382546c315c2e954f40a1fd15db89f66b989,application/x-executable
0576545eab9d9050864acd236c129d1be729e7c6dc1303374ddd033d601deda4,application/vnd.microsoft.portable-executable
063c05140282aad0518874db093fb32a1d7753eb06722f0e5ca15bbffa4fc739,application/vnd.microsoft.portable-executable
066f0549f80b88eec89d5ff7aa4376a0a13c73bc87122b742df707a54bd1d1d3,application/vnd.microsoft.portable-executable
06e6e2360d075df4d32b88584addb505ae1d5427bafc10059fba4d541af3273e,application/vnd.microsoft.portable-executable
07ed2b62ae16fcbfa6476a321d77f60170040d7f31cbbb9546d64cdefbd1d127,application/vnd.microsoft.portable-executable
08dd98921badc7b874c40146a9fa18cefda660c7db4914a3cdd13be193247d04,application/x-executable
50561b86cfaa3bb6d217de0ea07cdff3370652ea0585d35ce84d3f156dac9509,application/x-executable
505de96edf201e73ca00954082e3c19e36a9c27b43f9bb060cc7fcc417c1de7b,application/vnd.microsoft.portable-executable
51baf7387f99984396a79015fe8a37c83b3367d5cd43bc7b5624e61bdfa9e5fa,application/vnd.microsoft.portable-executable
52c746be76c97aeaeae8b02d2ceea094eefb6503ee9cdf3922ba447cc8455c9c,application/x-executable
52cf2a2a39ff029e345c232b08147d8d2a87404a41aad9142e77e6aa2e44a626,application/vnd.microsoft.portable-executable
5336b126261f38c2648ecc980caf0560197a9f23128c48a54af1e7cacdc4e84f,application/x-executable
545773eeb9c60f62ef3fc38ee0a8a467ec9df48861647493c97d43aea49b357a,application/vnd.microsoft.portable-executable
54b5aaf3f6c4cb73d55c6f7e433c8349ae07f11794ed966073a7c0d7d713210e,application/vnd.microsoft.portable-executable
55462c2267fac07e7566481388ead9a262236e789fbcee5be289e4573c13b6b2,application/x-executable
641e47c3d23fc60468b6e644b7368e9363edb567b90d45494e85d97b17b7111c,application/x-executable
657f4a8a0f9d23eb53bc1f35094fee59df3751fffecd82e2bea22401ffd144b5,application/x-executable
66f15f0e3a56fba3a6b37a050b5c0b0d355833138026e9e115737cebf8bd95c2,application/x-executable
67113c68a0de9f09704525730a892ec0c470a9addd9911a6237a748ba7e922e6,application/vnd.microsoft.portable-executable
67ff8caa1dfd41fa3906052b85cebb419b36397c96da53ef5704da34a115ea4f,application/vnd.microsoft.portable-executable
68ad7ad77ee33b7bc6d08fe4199f291eefcfc6e18b262a3587ebad9f624f8b13,application/x-executable
690b47c9b2d0cf8596a918e5d06e6371fa583f0c2dab4aa6b9bbb794fce530f6,application/vnd.microsoft.portable-executable
6a812f984bf8846bb291dbca9c6072baf0e0fa9ac6c5b9462246be49f690796e,application/vnd.microsoft.portable-executable
6ae5fa924ad0b5b67b297ab730f1bb46e7c65d1e3194420b9bc3f4b19873df82,application/x-executable
7f39893bdd43ea2c39fb7b54f7b4a60cf205ee37a548a0e53e09ee2b6d6f6971,application/x-executable
80634a47bd4e7e37f11ba6f20f4f8f3ccb11897711583bbfc1ae6a2d5a2916d3,application/vnd.microsoft.portable-executable
81b76dc91a76aa7b7955cb4291431c11b974eb12399f3bebef06e4482199d994,application/vnd.microsoft.portable-executable
828e0a57af1ed6cc3c597e7d42f326d85ae3aebbd272aa0f6d1009501241c9ce,application/x-executable
8328ade23d72ad8f575cfe8092192f113bf5fa63dd704ba5b70cb15a666f1194,application/vnd.microsoft.portable-executable
838bc83c28038a7cf6bacd144435c2caff4a49fdf0339f9a969df4e6972e1ce2,application/x-executable
83a44ddd5e6f23be40adcee71c4fb2e68dafade673cf3653bf870b420eb25774,application/vnd.microsoft.portable-executable
83c6967ff7e820215c84767dbb3c3ef5222d9ded32d200426ecfe3579763551d,application/x-executable
85c9e2ae09010cdca7f685f861c20683a364a52829ce5c05a04b55cc9317f6c1,application/x-executable
873c5ab7a73dbff9d63d4d28109b3224dfa78cd1946c1d18fc49460b94d6dfad,application/x-executable
15b8b32b82beeddbfa131d38ade022b31beffc062ac0825c2ed5b734a84f39bd,application/x-executable
168e0c775ffa58b0a89cf2ea7612d06336bd3d1bf26957fc9ced347eceabd87a,application/x-executable
16ccbe67b86bb64a0cfb9c386c2c19dd42d68f6ade487b86677a6dfa179f8a03,application/x-executable
16ee348ce07034b3e27be913ffce0a5e88e41ef9e196f6f97a885b879ff1932e,application/vnd.microsoft.portable-executable
1778ef18e519f927a45f90183a370b239de08eb00873284bde6f871e3d46f0bb,application/x-executable
186562981de6c99e94fb4bf5ffaafbe0dcc0094d44e6a9b973c1338364cd17e6,application/x-executable
1931ab8dc4afd1497884f7ff11bce0a2461e9b2b2dbea2d930e51594dcc3c372,application/vnd.microsoft.portable-executable
1a517d150bc1889ab77b4b5112cfbb197aae1fdf7951150d757e9b3a7d084dfa,application/x-executable
1a54bd7b139ad134d763e2bc8c8690119347fd3f9b6b2e76cd2947a409037dd8,application/vnd.microsoft.portable-executable
1be8cb78c22db1e900869569c26f8546fede93a479c5d644049bb840d1295113,application/x-executable
1c7923018883bd23c95aed1fff26b912c7decf8a946c3774dd065882e1be0c80,application/x-executable
92e9a55d00f2b364ab9c851b04dc8dfedf5c9d44c252cbfdd5e1481739b3d514,application/x-executable
93967d9d7c3ba475ea98fbfabf884d4dc2a54ff61e579fb170b8dc32880937c6,application/vnd.microsoft.portable-executable
93de66d1ad262fb4d31e9fc34319da1efb5f6b3794510f682e5273a623c569c9,application/vnd.microsoft.portable-executable
93f7ec4e10084acf6922dd5451f3428cdc9f958780c317ac2001d91689de5618,application/x-executable
9547d30b888a1badf7ac1e69e0f157c77af8c5374e02230fe718ed5edefad64c,application/x-executable
95cb85150bf7622245ad203d3841f94eff0fef5bcfa1b0e827d616d4527fec45,application/vnd.microsoft.portable-executable
95d5e533c4d3a1f4ecc982f06621727fb72e523e02f6f073bb6a396ff54f8e91,application/x-executable
96587a5fb881659f7cc168997848c9ada99cfbdcc34b36bd9fb88cdcdb7eeec8,application/vnd.microsoft.portable-executable
983b6158c97d3617e07bdd67a16311765c8458c12d84d88a6901900e07f13a91,application/vnd.microsoft.portable-executable
